{
	"info": {
		"_postman_id": "d0af4439-8795-4a38-b7d6-7ae71ee74dd7",
		"name": "Pizza Market",
		"schema": "https://schema.getpostman.com/json/collection/v2.1.0/collection.json",
		"_exporter_id": "28635871"
	},
	"item": [
		{
			"name": "Products",
			"item": [
				{
					"name": "Get By Id",
					"request": {
						"method": "GET",
						"header": [
							{
								"key": "Accept",
								"value": "application/json",
								"type": "text"
							}
						],
						"url": {
							"raw": "{{server}}/api/v1/products/getById?product_id=1",
							"host": [
								"{{server}}"
							],
							"path": [
								"api",
								"v1",
								"products",
								"getById"
							],
							"query": [
								{
									"key": "product_id",
									"value": "1"
								}
							]
						}
					},
					"response": []
				},
				{
					"name": "Get Products",
					"request": {
						"method": "GET",
						"header": [
							{
								"key": "Accept",
								"value": "application/json",
								"type": "text"
							}
						],
						"url": {
							"raw": "{{server}}/api/v1/products?per_page=15&page=1",
							"host": [
								"{{server}}"
							],
							"path": [
								"api",
								"v1",
								"products"
							],
							"query": [
								{
									"key": "per_page",
									"value": "15"
								},
								{
									"key": "page",
									"value": "1"
								}
							]
						}
					},
					"response": []
				},
				{
					"name": "By Category",
					"request": {
						"auth": {
							"type": "bearer",
							"bearer": [
								{
									"key": "token",
									"value": "{{access_token}}",
									"type": "string"
								}
							]
						},
						"method": "GET",
						"header": [
							{
								"key": "Accept",
								"value": "application/json",
								"type": "text"
							}
						],
						"url": {
							"raw": "{{server}}/api/v1/products/byCategory?category=6&per_page=15",
							"host": [
								"{{server}}"
							],
							"path": [
								"api",
								"v1",
								"products",
								"byCategory"
							],
							"query": [
								{
									"key": "category",
									"value": "6"
								},
								{
									"key": "per_page",
									"value": "15"
								}
							]
						}
					},
					"response": []
				},
				{
					"name": "Get Favorites",
					"request": {
						"auth": {
							"type": "bearer",
							"bearer": [
								{
									"key": "token",
									"value": "{{access_token}}",
									"type": "string"
								}
							]
						},
						"method": "GET",
						"header": [
							{
								"key": "Accept",
								"value": "application/json",
								"type": "text"
							}
						],
						"url": {
							"raw": "{{server}}/api/v1/products/getFavorites?per_page=15",
							"host": [
								"{{server}}"
							],
							"path": [
								"api",
								"v1",
								"products",
								"getFavorites"
							],
							"query": [
								{
									"key": "per_page",
									"value": "15"
								}
							]
						}
					},
					"response": []
				},
				{
					"name": "Get Recomended",
					"request": {
						"auth": {
							"type": "noauth"
						},
						"method": "GET",
						"header": [
							{
								"key": "Accept",
								"value": "application/json",
								"type": "text"
							}
						],
						"url": {
							"raw": "{{server}}/api/v1/products/getRecommended?per_page=15",
							"host": [
								"{{server}}"
							],
							"path": [
								"api",
								"v1",
								"products",
								"getRecommended"
							],
							"query": [
								{
									"key": "per_page",
									"value": "15"
								}
							]
						}
					},
					"response": []
				},
				{
					"name": "Get By Alergeno",
					"request": {
						"method": "GET",
						"header": [
							{
								"key": "Accept",
								"value": "application/json",
								"type": "text"
							}
						],
						"url": {
							"raw": "{{server}}/api/v1/products/getByAlergeno?id=1",
							"host": [
								"{{server}}"
							],
							"path": [
								"api",
								"v1",
								"products",
								"getByAlergeno"
							],
							"query": [
								{
									"key": "id",
									"value": "1"
								}
							]
						}
					},
					"response": []
				},
				{
					"name": "Get By Name",
					"request": {
						"method": "GET",
						"header": [
							{
								"key": "Accept",
								"value": "application/json",
								"type": "text"
							}
						],
						"url": {
							"raw": "{{server}}/api/v1/products/searchByName?name=pizza&per_page=1",
							"host": [
								"{{server}}"
							],
							"path": [
								"api",
								"v1",
								"products",
								"searchByName"
							],
							"query": [
								{
									"key": "name",
									"value": "pizza"
								},
								{
									"key": "per_page",
									"value": "1"
								}
							]
						}
					},
					"response": []
				},
				{
					"name": "Toggle Product Favorite",
					"request": {
						"auth": {
							"type": "bearer",
							"bearer": [
								{
									"key": "token",
									"value": "{{access_token}}",
									"type": "string"
								}
							]
						},
						"method": "POST",
						"header": [
							{
								"key": "Accept",
								"value": "application/json",
								"type": "text"
							}
						],
						"body": {
							"mode": "raw",
							"raw": "{\n    \"product_id\": 148\n}",
							"options": {
								"raw": {
									"language": "json"
								}
							}
						},
						"url": {
							"raw": "{{server}}/api/v1/products/toggleFavorites",
							"host": [
								"{{server}}"
							],
							"path": [
								"api",
								"v1",
								"products",
								"toggleFavorites"
							]
						}
					},
					"response": []
				}
			]
		},
		{
			"name": "Categories",
			"item": [
				{
					"name": "Get Categories",
					"request": {
						"method": "GET",
						"header": [],
						"url": {
							"raw": "{{server}}/api/v1/categories?per_page=15",
							"host": [
								"{{server}}"
							],
							"path": [
								"api",
								"v1",
								"categories"
							],
							"query": [
								{
									"key": "per_page",
									"value": "15"
								}
							]
						}
					},
					"response": []
				}
			]
		},
		{
			"name": "Auth",
			"item": [
				{
					"name": "Login",
					"event": [
						{
							"listen": "test",
							"script": {
								"exec": [
									"const responseJson = pm.response.json();",
									"const accessToken = responseJson.access_token;",
									"",
									"pm.collectionVariables.set(\"access_token\", accessToken);    "
								],
								"type": "text/javascript"
							}
						}
					],
					"request": {
						"method": "POST",
						"header": [
							{
								"key": "acc",
								"value": "application/json",
								"type": "text"
							}
						],
						"body": {
							"mode": "raw",
							"raw": "{\n    \"email\": \"admin9@admin.com\",\n    \"password\": \"password\"\n}",
							"options": {
								"raw": {
									"language": "json"
								}
							}
						},
						"url": {
							"raw": "{{server}}/api/v1/auth/login",
							"host": [
								"{{server}}"
							],
							"path": [
								"api",
								"v1",
								"auth",
								"login"
							]
						}
					},
					"response": []
				},
				{
					"name": "Register",
					"request": {
						"auth": {
							"type": "noauth"
						},
						"method": "POST",
						"header": [
							{
								"key": "Accept",
								"value": "application/json",
								"type": "text"
							}
						],
						"body": {
							"mode": "raw",
							"raw": "{\n    \"email\": \"testemail2@admin.com\",\n    \"name\": \"Nombre\",\n    \"lastname\": \"Apeellido\",\n    \"password\": \"password\",\n    \"phone\": \"+58 4240000000\",\n    \"status\": true\n}",
							"options": {
								"raw": {
									"language": "json"
								}
							}
						},
						"url": {
							"raw": "{{server}}/api/v1/auth/register",
							"host": [
								"{{server}}"
							],
							"path": [
								"api",
								"v1",
								"auth",
								"register"
							]
						}
					},
					"response": []
				},
				{
					"name": "Logout",
					"request": {
						"auth": {
							"type": "bearer",
							"bearer": [
								{
									"key": "token",
									"value": "{{access_token}}",
									"type": "string"
								}
							]
						},
						"method": "POST",
						"header": [
							{
								"key": "Accept",
								"value": "application/json",
								"type": "text"
							}
						],
						"url": {
							"raw": "{{server}}/api/v1/auth/logout",
							"host": [
								"{{server}}"
							],
							"path": [
								"api",
								"v1",
								"auth",
								"logout"
							]
						}
					},
					"response": []
				},
				{
					"name": "Refresh",
					"event": [
						{
							"listen": "test",
							"script": {
								"exec": [
									"const responseJson = pm.response.json();",
									"const accessToken = responseJson.access_token;",
									"",
									"pm.collectionVariables.set(\"access_token\", accessToken);"
								],
								"type": "text/javascript"
							}
						}
					],
					"request": {
						"auth": {
							"type": "bearer",
							"bearer": [
								{
									"key": "token",
									"value": "{{access_token}}",
									"type": "string"
								}
							]
						},
						"method": "POST",
						"header": [
							{
								"key": "Accept",
								"value": "application/json",
								"type": "text"
							}
						],
						"url": {
							"raw": "{{server}}/api/v1/auth/refresh",
							"host": [
								"{{server}}"
							],
							"path": [
								"api",
								"v1",
								"auth",
								"refresh"
							]
						}
					},
					"response": []
				}
			]
		},
		{
			"name": "Orders",
			"item": [
				{
					"name": "Get Orders",
					"request": {
						"auth": {
							"type": "bearer",
							"bearer": [
								{
									"key": "token",
									"value": "{{access_token}}",
									"type": "string"
								}
							]
						},
						"method": "GET",
						"header": [
							{
								"key": "Accept",
								"value": "application/json",
								"type": "text"
							}
						],
						"url": {
							"raw": "{{server}}/api/v1/order/all",
							"host": [
								"{{server}}"
							],
							"path": [
								"api",
								"v1",
								"order",
								"all"
							]
						}
					},
					"response": []
				},
				{
					"name": "Get Current Order",
					"request": {
						"auth": {
							"type": "bearer",
							"bearer": [
								{
									"key": "token",
									"value": "{{access_token}}",
									"type": "string"
								}
							]
						},
						"method": "GET",
						"header": [
							{
								"key": "Accept",
								"value": "application/json",
								"type": "text"
							}
						],
						"url": {
							"raw": "{{server}}/api/v1/order/getCurrent",
							"host": [
								"{{server}}"
							],
							"path": [
								"api",
								"v1",
								"order",
								"getCurrent"
							]
						}
					},
					"response": []
				},
				{
					"name": "Add Product To order",
					"request": {
						"auth": {
							"type": "bearer",
							"bearer": [
								{
									"key": "token",
									"value": "{{access_token}}",
									"type": "string"
								}
							]
						},
						"method": "POST",
						"header": [
							{
								"key": "Accept",
								"value": "application/json",
								"type": "text"
							}
						],
						"body": {
							"mode": "raw",
							"raw": "[\n    {\n    \"product_id\": 1,\n    \"quantity\": 2,\n    //\"product_size\": 1, // Opcional\n    \"extra_ingredients\": [ 7, 10, 13 ] // Opcional\n    //\"no_ingredients\": [ 8 ] // Opcional\n    \n    },\n    \n    {\n    \"product_id\": 99,\n    \"price\": 1.02,\n    //\"quantity\": 2,\n    \"product_size\": 1, // Opcional\n    \"no_ingredients\": [ 8 ], // Opcional\n    \"extra_ingredients\": [ 7, 10, 13 ] // Opcional\n}\n]\n",
							"options": {
								"raw": {
									"language": "json"
								}
							}
						},
						"url": {
							"raw": "{{server}}/api/v1/order/addProduct",
							"host": [
								"{{server}}"
							],
							"path": [
								"api",
								"v1",
								"order",
								"addProduct"
							]
						}
					},
					"response": []
				},
				{
					"name": "Remove From Order",
					"request": {
						"auth": {
							"type": "bearer",
							"bearer": [
								{
									"key": "token",
									"value": "{{access_token}}",
									"type": "string"
								}
							]
						},
						"method": "POST",
						"header": [
							{
								"key": "Accept",
								"value": "application/json",
								"type": "text"
							}
						],
						"body": {
							"mode": "raw",
							"raw": "{\n    \"order_product_id\": 4\n}",
							"options": {
								"raw": {
									"language": "json"
								}
							}
						},
						"url": {
							"raw": "{{server}}/api/v1/order/deleteProduct",
							"host": [
								"{{server}}"
							],
							"path": [
								"api",
								"v1",
								"order",
								"deleteProduct"
							]
						}
					},
					"response": []
				},
				{
					"name": "Change Order Status",
					"request": {
						"auth": {
							"type": "bearer",
							"bearer": [
								{
									"key": "token",
									"value": "{{access_token}}",
									"type": "string"
								}
							]
						},
						"method": "POST",
						"header": [
							{
								"key": "Accept",
								"value": "application/json",
								"type": "text"
							}
						],
						"body": {
							"mode": "raw",
							"raw": "{\n    \"status\": \"pending\"\n}",
							"options": {
								"raw": {
									"language": "json"
								}
							}
						},
						"url": {
							"raw": "{{server}}/api/v1/order/changeOrderStatus",
							"host": [
								"{{server}}"
							],
							"path": [
								"api",
								"v1",
								"order",
								"changeOrderStatus"
							]
						}
					},
					"response": []
				}
			]
		},
		{
			"name": "Alergenos",
			"item": [
				{
					"name": "Get Alergenos",
					"request": {
						"auth": {
							"type": "bearer",
							"bearer": [
								{
									"key": "token",
									"value": "{{access_token}}",
									"type": "string"
								}
							]
						},
						"method": "GET",
						"header": [
							{
								"key": "Accept",
								"value": "application/json",
								"type": "text"
							}
						],
						"url": {
							"raw": "{{server}}/api/v1/alergenos?per_page=4",
							"host": [
								"{{server}}"
							],
							"path": [
								"api",
								"v1",
								"alergenos"
							],
							"query": [
								{
									"key": "per_page",
									"value": "4"
								}
							]
						}
					},
					"response": []
				}
			]
		},
		{
			"name": "Payments",
			"item": [
				{
					"name": "Make Payment",
					"request": {
						"auth": {
							"type": "bearer",
							"bearer": [
								{
									"key": "token",
									"value": "{{access_token}}",
									"type": "string"
								}
							]
						},
						"method": "POST",
						"header": [
							{
								"key": "Accept",
								"value": "application/json",
								"type": "text"
							}
						],
						"body": {
							"mode": "raw",
							"raw": "{\n    \"cardNumber\": 4548810000000003,\n    \"ccv\": 123,\n\n\n    //\"expirationDate\": 2312,\n    \"expirationDate\": 1223\n    // Formato: AAMM \n    // Caducidad de la tarjeta. Su formato es AAMM, siendo AA los dos últimos dígitos del año y MM los dos dígitos del mes.\n}",
							"options": {
								"raw": {
									"language": "json"
								}
							}
						},
						"url": {
							"raw": "{{server}}/api/v1/payments",
							"host": [
								"{{server}}"
							],
							"path": [
								"api",
								"v1",
								"payments"
							],
							"query": [
								{
									"key": "",
									"value": null,
									"disabled": true
								}
							]
						}
					},
					"response": []
				}
			]
		}
	],
	"event": [
		{
			"listen": "prerequest",
			"script": {
				"type": "text/javascript",
				"exec": [
					""
				]
			}
		},
		{
			"listen": "test",
			"script": {
				"type": "text/javascript",
				"exec": [
					""
				]
			}
		}
	],
	"variable": [
		{
			"key": "server",
			"value": "localhost",
			"type": "string"
		},
		{
			"key": "access_token",
			"value": ""
		}
	]
}